<?xml version="1.0" encoding="UTF-8"?>
<!DOCTYPE suite SYSTEM "http://testng.org/testng-1.0.dtd">
<suite name="YB">
<!-- 打开浏览器 -->
	<test name="open">
		<classes>
			<class name="com.soulinfo.cases.BrowserCase">
			<methods >
					<include name="openBrowser"></include>
					<exclude name="closeBrowser"></exclude>
				</methods>
			</class>
		</classes>
	</test>
<!-- 登录 -->	
	<test name="login">
		<classes>
			<class name="com.soulinfo.cases.LoginCase">
				<methods>
					<include name="testClaLogin"></include>
				</methods>
			</class>
		</classes>
	</test>
	
	<!-- 打开创建新书 -->	

	<test name="openCreateBook">
		<classes>
			<class name="com.soulinfo.cases.AddBookCase">
				<methods>			
					<include name="testOpenCreateBook"></include>
					<exclude name="test1MyBook"></exclude>
					<exclude name="testOpenBook"></exclude>
					<exclude name="test2AddBook"></exclude>
				</methods>
			</class>
		</classes>
	</test>
	<!-- 班长创建活动页 -->
	<test name="classCreateActivities">
		<classes>
			<class name="com.soulinfo.cases.CreateActivitiesCase">
				<methods>			
					<include name="testCreateaAtivities"></include>					
				</methods>
			</class>
		</classes>
	</test>
	<!-- 注销 -->
	<test name="logout">
		<classes>
			<class name="com.soulinfo.cases.LoginCase">
				<methods>
					<include name="testLogout"></include>
				</methods>
			</class>
		</classes>
	</test>
<!-- 关闭浏览器 -->
		<test name="close">
		<classes>
			<class name="com.soulinfo.cases.BrowserCase">
				<methods >
					<include name="closeBrowser"></include>
					<exclude name="openBrowser"></exclude>
				</methods>
			</class>
		</classes>
	</test>
</suite> 